Name,Ticker,Sub-Sector,Market Cap,Close Price,PE Ratio
Hindustan Aeronautics Ltd,HAL,Aerospace & Defense Equipments,321901.4708,4813.3,42.23846723876631
Bharat Dynamics Ltd,BDL,Aerospace & Defense Equipments,53160.72656,1450.25,86.76185951576578
Data Patterns (India) Ltd,DATAPATTNS,Aerospace & Defense Equipments,17727.32378,3166.5,97.56906700341244
Paras Defence and Space Technologies Ltd,PARAS,Aerospace & Defense Equipments,4940.137727,1266.7,154.09038449376177
ideaForge Technology Ltd,IDEAFORGE,Aerospace & Defense Equipments,3165.915512,736.5,69.9186288
Taneja Aerospace and Aviation Ltd,TANAA,Aerospace & Defense Equipments,1505.551645,590.4,135.2696896172507
Sika Interplant Systems Ltd,SIKA,Aerospace & Defense Equipments,1295.606672,3055.55,66.57793793036998
High Energy Batteries (India) Ltd,HIGHENE,Aerospace & Defense Equipments,675.4701632,753.55,39.36306312354314
Jain Irrigation Systems Ltd,JISLJALEQS,Agricultural & Farm Machinery,4726.683166,69.9,104.48017608293758
Jain Irrigation Systems Ltd,JISLDVREQS,Agricultural & Farm Machinery,2091.934256,38.53,
RM Drip & Sprinklers Systems Ltd,RMDRIP,Agricultural & Farm Machinery,415.917,166.5,76.73745387453869
Mahindra EPC Irrigation Ltd,MAHEPC,Agricultural & Farm Machinery,387.5589659,138.74,232.07123708622672
Sprayking Ltd,SPRAYKING,Agricultural & Farm Machinery,193.0763734,36.54,35.75488397
Debock Industries Ltd,DIL,Agricultural & Farm Machinery,120.75019732999999,7.42,14.944331352722784
Arigato Universe Ltd,ARIGATO,Agricultural & Farm Machinery,46.9285476,76.98,195.53561499999998
Texel Industries Ltd,TEXELIN,Agricultural & Farm Machinery,34.32615992,41.16,-3.963759806
Adarsh Plant Protect Ltd,ADARSHPL,Agricultural & Farm Machinery,30.864411,31.14,62.98859387755128
Shivagrico Implements Ltd,SHIVAGR,Agricultural & Farm Machinery,12.458796,24.85,177.98280000000187
Narmada Macplast Drip Irrigation Systems Ltd,NARMP,Agricultural & Farm Machinery,8.749545,24.15,173923079069402000
Retro Green Revolution Ltd,RGRL,Agricultural & Farm Machinery,8.549948,9.46,17.812391666666677
Interglobe Aviation Ltd,INDIGO,Airlines,170079.9454,4404.3,20.811250581067007
Spicejet Ltd,SPICEJET,Airlines,4374.040205,55.13,-10.34443337
Jet Airways (India) Ltd,JETAIRWAYS,Airlines,460.0694012,40.5,-0.459123607
Global Vectra Helicorp Ltd,GLOBALVECT,Airlines,417.27,298.05,347.72500000001895
GVK Power & Infrastructure Ltd,GVKPIL,Airports,882.7786136,5.59,43.27346145098026
Exide Industries Ltd,EXIDEIND,Batteries,43583.75,512.75,49.71454806771007
Amara Raja Energy & Mobility Ltd,ARE&M,Batteries,29369.165034259997,1604.65,31.43171411445019
HBL Power Systems Ltd,HBLPOWER,Batteries,16800.78568,606.1,59.81481656600679
Eveready Industries India Ltd,EVEREADY,Batteries,3045.596194,419,45.613242384304286
Indo National Ltd,NIPPOBATRY,Batteries,433.3875,577.85,45.05067567567539
Panasonic Energy India Co Ltd,PANAENERG,Batteries,410.3625,547.15,35.224248927038545
Goldstar Power Ltd,GOLDSTAR,Batteries,281.62485,11.7,69.70912128712865
Panasonic Carbon India Co Ltd,PANCARBON,Batteries,255.936,533.2,13.767401828940288
Kajaria Ceramics Ltd,KAJARIACER,Building Products - Ceramics,23385.48877,1468.4,55.401409045035656
Cera Sanitaryware Ltd,CERA,Building Products - Ceramics,11724.86044,9015.05,49.060046195949624
Somany Ceramics Ltd,SOMANYCERA,Building Products - Ceramics,3172.450079,773.7,32.746181661849754
Global Surfaces Ltd,GSLSU,Building Products - Ceramics,866.0300690120001,204.34,46.336547298662445
Orient Bell Ltd,ORIENTBELL,Building Products - Ceramics,581.5938536,398.5,632.1672321738325
Nitco Ltd,NITCO,Building Products - Ceramics,540.1637647350001,75.17,-3.314498158
Exxaro Tiles Ltd,EXXARO,Building Products - Ceramics,404.7277192,90.46,181.4922507713012
Murudeshwar Ceramics Ltd,MURUDCERA,Building Products - Ceramics,349.6488765,57.75,66.72688482824424
Regency Ceramics Ltd,REGENCERAM,Building Products - Ceramics,131.7848646,49.84,-13.44743517
Durlax Top Surface Ltd,DURLAX,Building Products - Ceramics,119.7194472,72,23.706821227722767
Lexus Granito (India) Ltd,LEXUS,Building Products - Ceramics,90.23234556,44.69,-5.438959949
Restile Ceramics Ltd,RESTILE,Building Products - Ceramics,59.655498073000004,6.07,-65.55549239
Hardwyn India Ltd,HARDWYN,Building Products - Glass,1042.8067048629998,29.89,101.83659227177743
Sejal Glass Ltd,SEJALLTD,Building Products - Glass,353.5,350,107.12121212121149
Triveni Glass Ltd,TRIVENIGQ,Building Products - Glass,26.942491589999996,21.35,9.387627731707317
Responsive Industries Ltd,RESPONIND,Building Products - Granite,7389.055797,277.15,45.81791899894585
Bigbloc Construction Ltd,BIGBLOC,Building Products - Granite,1851.102931,261.5,59.886862868003874
Asian Granito India Ltd,ASIANTILES,Building Products - Granite,1099.7691069319999,86.77,-89.77706995
Aro Granite Industries Ltd,AROGRANITE,Building Products - Granite,91.1574,59.58,69.58580152671725
Divyashakti Ltd,DIVSHKT,Building Products - Granite,82.53090818999999,80.37,35.42099063948512
Elegant Marbles and Grani Industries Ltd,ELEMARB,Building Products - Granite,79.64544,268.8,19.665540740740735
Inani Marbles and Industries Ltd,INANI,Building Products - Granite,57.102,30.7,36.37070063694262
Madhav Marbles and Granites Ltd,MADHAV,Building Products - Granite,43.813459,48.97,-30.00921849
Shiva Granito Export Ltd,SHIVAEXPO,Building Products - Granite,18.50107,14,22.56228048780487
Glittek Granites Ltd,GLITTEKG,Building Products - Granite,12.071121,4.65,-1.965980619
Neelkanth Rock-Minerals Ltd,NEELKAN,Building Products - Granite,7.2528406,14.38,31.534089565217382
Jain Marmo Industries Ltd,JAINMARMO,Building Products - Granite,7.20038,23,120.00633333333339
Mayur Floorings Ltd,MAYURFL,Building Products - Granite,5.7507408,11.34,82.15343999999988
Greenlam Industries Ltd,GREENLAM,Building Products - Laminates,7592.557742264999,595.15,54.859521259140294
Rushil Decor Ltd,RUSHIL,Building Products - Laminates,961.1381054799999,351.4,22.29501520482482
Dhabriya Polywood Ltd,DHABRIYA,Building Products - Laminates,515.8835167,476.6,36.665495145700056
Airo Lam Ltd,AIROLAM,Building Products - Laminates,193.165752,128.76,24.607102165605035
Ecoboard Industries Ltd,ECOBOAR,Building Products - Laminates,55.885488,31.34,-7.69772562
DECO MICA Ltd,DECOMIC,Building Products - Laminates,42.735,101.75,18.499999999999968
National Plywood Industries Ltd,NATPLY,Building Products - Laminates,11.21245125,4.55,15.57284895833334
Astral Ltd,ASTRAL,Building Products - Pipes,58259.82571191999,2168.8,106.6834384030765
APL Apollo Tubes Ltd,APLAPOLLO,Building Products - Pipes,40964.01327,1476.05,55.92814874832089
Ratnamani Metals and Tubes Ltd,RATNAMANI,Building Products - Pipes,25437.78864,3629.2,40.844889352751316
Jindal SAW Ltd,JINDALSAW,Building Products - Pipes,20600.36355,647.25,12.283837229969087
Finolex Industries Ltd,FINPIPE,Building Products - Pipes,19427.4229,314.2,41.021607075951735
Electrosteel Castings Ltd,ELECTCAST,Building Products - Pipes,13184.022772257002,213.27,17.81889574
Maharashtra Seamless Ltd,MAHSEAMLES,Building Products - Pipes,8700.571432,649.3,9.145788412269274
Chemplast Sanmar Ltd,CHEMPLASTS,Building Products - Pipes,8696.817118,550.05,-54.89375193
Prince Pipes and Fittings Ltd,PRINCEPIPE,Building Products - Pipes,7141.1400926100005,645.9,39.13167896
Man Industries (India) Ltd,MANINDS,Building Products - Pipes,2942.8616464799998,454.6,27.989933864181147
Hi-Tech Pipes Ltd,HITECH,Building Products - Pipes,2681.994419,152.29,61.051546073298475
Apollo Pipes Ltd,APOLLOPIPE,Building Products - Pipes,2642.710287,641.7,61.97725812664166
Hariom Pipe Industries Ltd,HARIOMPIPE,Building Products - Pipes,2140.656667,691.45,37.68761737491192
Rama Steel Tubes Ltd,RAMASTEEL,Building Products - Pipes,1725.196493,11.1,59.264736971831056
Shankara Building Products Ltd,SHANKARA,Building Products - Pipes,1636.950752,675.05,20.17688588228797
Prakash Pipes Ltd,PPL,Building Products - Pipes,1214.215241,507.65,13.545462302655062
Kriti Industries (India) Limited,KRITI,Building Products - Pipes,1101.9918,222.16,50.22752052506842
Kisan Mouldings Ltd,KISAN,Building Products - Pipes,826.6844098,69.2,14.21396853163687
Surani Steel Tubes Ltd,SURANI,Building Products - Pipes,394.9485197,319.95,806.0173870408199
Sicagen India Ltd,SICAGEN,Building Products - Pipes,281.8295334,71.22,26.86649508560536
Rungta Irrigation Ltd,RUNGTAIR,Building Products - Pipes,198.8637255,99.8,35.13493383392223
Prakash Steelage Ltd,PRAKASHSTL,Building Products - Pipes,190.4004243,10.88,3.289571947
Zenith Steel Pipes & Industries Ltd,ZENITHSTL,Building Products - Pipes,155.5125297,10.93,-225.3804778
Hisar Metal Industries Ltd,HISARMETAL,Building Products - Pipes,108.7344,201.36,16.805935085007775
Dutron Polymers Ltd,DUTRON,Building Products - Pipes,101.79,169.65,41.71721311475414
Rex Pipes and Cables Industries Ltd,REXPIPES,Building Products - Pipes,75.83625,80.25,15.931985294117613
Sri KPR Industries Ltd,SRIKPRIND,Building Products - Pipes,75.72766751,37.59,9.610110089467003
Tijaria Polypipes Ltd,TIJARIA,Building Products - Pipes,46.68995035,16.31,-16.04465648
Mukat Pipes Ltd,MUKATPIP,Building Products - Pipes,29.27925,24.75,100.96293103448298
Ashish Polyplast Ltd,ASHISHPO,Building Products - Pipes,27.0203175,79.53,32.16704464285718
Kunststoffe Industries Ltd,KUNSTOFF,Building Products - Pipes,26.38181,38.29,23.98346363636362
Sanco Industries Ltd,SANCO,Building Products - Pipes,9.445204,7.22,-17.49111852
Tamil Nadu Steel Tubes Ltd,TNSTLTU,Building Products - Pipes,8.7224096,17.02,30.07727448275904
Vallabh Steels Ltd,VALLABHSQ,Building Products - Pipes,4.86585,9.83,-2.718351955
Everest Industries Ltd,EVERESTIND,Building Products - Prefab Structures,1898.137807,1201.75,105.45210037083365
Alliance Integrated Metaliks Ltd,AIML,Building Products - Prefab Structures,1116.1287,28.26,17.387890637170898
Beardsell Ltd,BEARDSELL,Building Products - Prefab Structures,146.035211,37.03,17.744254070473843
One 97 Communications Ltd,PAYTM,Business Support Services,31613.27816,496.85,-22.31000576
RITES Ltd,RITES,Business Support Services,17342.587184789998,721.7,38.08209746330697
Kfin Technologies Ltd,KFINTECH,Business Support Services,15162.129767354998,884.85,61.624653582161436
Indegene Ltd,INDGN,Business Support Services,14177.29505,593.45,
SIS Ltd,SIS,Business Support Services,6368.003524,441.75,33.51051688825443
Sanghvi Movers Ltd,SANGHVIMOV,Business Support Services,5080.06324,1173.55,27.030239650952424
Awfis Space Solutions Ltd,AWFIS,Business Support Services,4727.829894,681.05,
Artemis Medicare Services Ltd,ARTEMISMED,Business Support Services,3625.131276,263.45,73.78651081314884
Updater Services Ltd,UDS,Business Support Services,2133.644424,318.7,31.404834036208378
Eco Recycling Ltd,ECORECO,Business Support Services,1474.657635,764.2,80.93620389681668
Sat Industries Ltd,SATINDLTD,Business Support Services,1177.66719,104.14,4.566017330955333
Krystal Integrated Services Ltd,KRYSTAL,Business Support Services,1037.207857,742.35,30.221674146853207
AGS Transact Technologies Ltd,AGSTRA,Business Support Services,1025.681374,84.73,-12.80660974
Radiant Cash Management Services Ltd,RADIANTCMS,Business Support Services,917.1544521,85.95,20.499652482565942
Mallcom (India) Ltd,MALLCOM,Business Support Services,849.3576,1361.15,23.391836959515253
Tara Chand Infralogistic Solutions Ltd,TARACHAND,Business Support Services,605.2636942,427.9,37.52409759454436
Kapston Services Ltd,KAPSTON,Business Support Services,445.12139668000003,438.8,35.411407850437435
Sadhav Shipping Ltd,SADHAV,Business Support Services,305.8542896,213.1,33.46327019474834
Infollion Research Services Ltd,INFOLLION,Business Support Services,295.4272084,304.85,34.47225303
Prizor Viztech Ltd,PRIZOR,Business Support Services,215.6950205,201.75,38.72442020197488
KHFM Hospitality and Facility Management Services Ltd,KHFM,Business Support Services,157.9270121,78.8,50.29522678980895
Naman In-Store (India) Ltd,NAMAN,Business Support Services,150.94188,143.1,16.282834951456316
Transteel Seating Technologies Ltd,TRANSTEEL,Business Support Services,140.7451073,69.75,12.668326485148519
Banka BioLoo Ltd,BANKA,Business Support Services,134.72539502200001,124.21,-207.2698385
Yaari Digital Integrated Services Ltd,YAARI,Business Support Services,101.3525062,10.27,-4.690074325
Kontor Space Ltd,KONTOR,Business Support Services,97.0569,157.05,49.77276923
Evans Electric Ltd,EVANS,Business Support Services,81.34588,296.45,16.012968503937014
Jiwanram Sheoduttrai Industries Ltd,JIWANRAM,Business Support Services,34.647515,14,19.798579999999966
Rithwik Facility Management Services Ltd,RITHWIKFMS,Business Support Services,34.272,112,12.932830188679256
Quadpro Ites Ltd,QUADPRO,Business Support Services,32.352,6.4,40.43999999999996
Ranjeet Mechatronics Ltd,RANJEET,Business Support Services,21.119936,32,175.99946666666614
Gala Global Products Ltd,GGPL,Business Support Services,18.9420648,3.47,90.20030857618971
Premier Capital Services Ltd,PREMCAP,Business Support Services,17.64099792,4.76,-1.411279834
Integrated Capital Services Ltd,ICSL,Business Support Services,15.336704,4.31,-1533.6704
F G P Ltd,FGP,Business Support Services,10.91965682,9.18,43.67862727199999
Milestone Furniture Ltd,MILEFUR,Business Support Services,7.112205,7.65,-11.28921429
Jayatma Enterprises Ltd,JAYATMA,Business Support Services,5.056371531,16.86,10.112743062321222
Sindu Valley Technologies Ltd,SINDUVA,Business Support Services,1.3188,18.84,-3.066976744
Kedia Construction Co Ltd,KEDIACN,Business Support Services,0.7335,4.89,-2.2921875
Hindustan Housing Company Ltd,ZHINDHSG,Business Support Services,0.089298,38.74,0.037678481
MIG Media Neurons Ltd,MMNL,Business Support Services,,250,0
Technojet Consultants Ltd,TECHCON,Business Support Services,,0,0
KEI Industries Ltd,KEI,Cables,39108.38319,4333.75,67.34232736
Motherson Sumi Wiring India Ltd,MSUMI,Cables,32406.721141559996,73.3,50.77036055390887
Finolex Cables Ltd,FINCABLES,Cables,23310.25027,1524.15,35.76892428635547
R R Kabel Ltd,RRKABEL,Cables,19632.720789220002,1740.2,65.85288562
DCX Systems Ltd,DCXINDIA,Cables,4198.154434,376.9,55.399240348772786
Universal Cables Ltd,UNIVCABLES,Cables,2979.1188895650002,858.65,27.525814372770977
Paramount Communications Ltd,PARACABLES,Cables,2394.7079940400004,78.92,27.969025858911472
Dynamic Cables Ltd,DYCL,Cables,1340.97166,553.45,35.503618216971105
Surana Telecom and Power Ltd,SURANAT&P,Cables,331.7973496,24.44,43.54295926141733
Cords Cable Industries Ltd,CORDSCABLE,Cables,294.86973401999995,228.09,29.311106761431482
Divine Power Energy Ltd,DPEL,Cables,193.3110554,90.05,30.157730951638104
Ultracab (India) Ltd,ULTRACAB,Cables,146.56896,15.36,24.59210738255032
Relicab Cable Manufacturing Ltd,RELICAB,Cables,130.3725597,129.15,84.65750631818206
Marco Cables & Conductors Ltd,MARCO,Cables,101.90955,54.5,33.52287828947369
Godha Cabcon & Insulation Ltd,GODHA,Cables,63.2928,0.95,124.10352941176454
Jigar Cables Ltd,JIGAR,Cables,56.488056,80.33,54.84277281553372
BC Power Controls Ltd,BCP,Cables,33.4342,4.45,46.43638888888922
CMI Ltd,CMICABLES,Cables,7.292492934999999,4.55,-0.066235177
Adani Enterprises Ltd,ADANIENT,Commodities Trading,366766.8607,3217.25,113.2153727072355
MMTC Ltd,MMTC,Commodities Trading,16357.5,109.05,85.11551670309083
MSTC Ltd,MSTCLTD,Commodities Trading,6348.672,901.8,31.064598522288005
Veritas (India) Ltd,VERITAS,Commodities Trading,2618.93485,976.85,14.016992346392637
Yamuna Syndicate Ltd,YSL,Commodities Trading,1721.244,56000,13.853070422535211
State Trading Corporation of India Ltd,STCINDIA,Commodities Trading,1316.76,219.46,25.78343450166438
Hexa Tradex Ltd,HEXATRADEX,Commodities Trading,1240.6303177280001,224.57,13.444195033896838
Mercury Ev-Tech Ltd,MERCURYEV,Commodities Trading,1229.709481,70.05,614.8547404799995
Sakuma Exports Ltd,SAKUMA,Commodities Trading,987.9762869,31.51,24.717945632424446
Shankar Lal Rampal Dye-Chem Ltd,SRD,Commodities Trading,836.6854824,130.8,129.11812999999987
Kothari Products Ltd,KOTHARIPRO,Commodities Trading,599.2648092,200.8,18.44459246537399
Thirdwave Financial Intermediaries Ltd,THIRDFIN,Commodities Trading,467.35443,130.5,11683.860749999987
Riddhi Siddhi Gluco Biols Ltd,RIDDHI,Commodities Trading,462.61616461000006,648.85,9.908249402655825
Shiv Aum Steels Ltd,SHIVAUM,Commodities Trading,399.85176,294,27.903123517096958
Chemtech Industrial Valves Ltd,CHEMTECH,Commodities Trading,297.1378599,203,71.25608151079139
Bhilwara Technical Textiles Ltd,BTTL,Commodities Trading,266.1822708,45.6,20.682383123543126
Maximus International Ltd,MAXIMUS,Commodities Trading,265.95038,19.55,33.53724842370746
Halder Venture Ltd,HALDER,Commodities Trading,255.70063,809,21.929728130360274
Anik Industries Ltd,ANIKINDS,Commodities Trading,197.9933691,71.34,659.9778970800043
Metroglobal Ltd,METROGLOBL,Commodities Trading,190.8127813,154.7,11.713491789441376
Anmol India Ltd,ANMOL,Commodities Trading,188.4996648,33.12,9.019122717703308
Khemani Distributors & Marketing Ltd,KDML,Commodities Trading,185.62992,80.8,5.961140655105976
Abans Enterprises Ltd,ABANSENT,Commodities Trading,183.0210611,131.2,19.72209710344849
TCI Industries Ltd,TCIIND,Commodities Trading,131.7385979,1469,-127.9015514
Cravatex Ltd,CRAVATEX,Commodities Trading,129.8023568,502.3,26.874193954451393
Ausom Enterprise Ltd,AUSOMENT,Commodities Trading,126.76715135999999,93.05,13.83920866
Genpharmasec Ltd,GENPHARMA,Commodities Trading,122.2218113,2.29,-1018.515094
Arunjyoti Bio Ventures Ltd,ABVL,Commodities Trading,120.7003356,64.76,-355.0009871
Lesha Industries Ltd,LESHAIND,Commodities Trading,108.108,3.78,15.056824512534822
Hariyana Ship Breakers Ltd,HRYNSHP,Commodities Trading,99.2833387,161,30.737875758514072
Amrapali Industries Ltd,AMRAPLIN,Commodities Trading,86.8324426,16.89,95.42026658884316
AKG Exim Ltd,AKG,Commodities Trading,71.87861491,22.62,44.924134319999816
Ahmedabad Steel Craft Ltd,AHMDSTE,Commodities Trading,66.35178,162.15,-29.10165789
Vivid Mercantile Ltd,VIVIDM,Commodities Trading,65.03632668,64.87,5.010502825885978
Omnitex Industries (India) Ltd,OMNITEX,Commodities Trading,63.271705,150.5,17.97491619318182
Yash Chemex Ltd,YASHCHEM,Commodities Trading,56.5027323,55.16,-217.3182012
Ashoka Metcast Ltd,ASHOKAMET,Commodities Trading,55.216164,19.87,11.503367500000007
Mishka Exim Ltd,MISHKA,Commodities Trading,52.887,36.6,211.54800000000017
Sellwin Traders Ltd,SELLWIN,Commodities Trading,48.66452,24.02,54.07168888888883
Rose Merc Ltd,ROSEMER,Commodities Trading,48.1609675,113.95,126.7393881578949
Sawaca Business Machines Ltd,SAWABUSI,Commodities Trading,34.8950195,0.61,75.85873804347818
Pentokey Organy (India) Ltd,PNTKYOR,Commodities Trading,30.873879937999998,49.22,35.48721831954025
Suncare Traders Ltd,SCTL,Commodities Trading,29.325,1.15,73.31249999999997
Grandma Trading and Agencies Ltd,GRANDMA,Commodities Trading,27.2954,2.09,-909.8466667
Sanblue Corporation Ltd,SANBLUE,Commodities Trading,25.8778002,51.76,99.53000076923081
Comfort Commotrade Ltd,COMCL,Commodities Trading,25.78146,25.73,1.5419533492822968
MRC Agrotech Ltd,MRCAGRO,Commodities Trading,23.9907454,11.71,26.955893707865165
Mihika Industries Ltd,MIHIKA,Commodities Trading,23.5,23.5,123.68421052631568
Sarthak Industries Ltd,SARTHAKIND,Commodities Trading,22.2445692,23.94,32.71260176470595
IEL Ltd,INDXTRA,Commodities Trading,21.19396955,6.35,81.5152675
Chandni Machines Ltd,CHANDNIMACH,Commodities Trading,16.127482700999998,49.97,9.268668218965503
Parle Industries Ltd,PARLEIND,Commodities Trading,16.086,11.49,804.2999999999985
Svaraj Trading and Agencies Ltd,ZSVARAJT,Commodities Trading,15.56125,10.55,2242612470445412000
Triveni Enterprises Ltd,TRIVENIENT,Commodities Trading,14.76792,2.58,98.45279999999998
Globe Multi Ventures Ltd,GLCL,Commodities Trading,13.960652,23.26,4.5623045751634015
Amraworld Agrico Ltd,AMRAAGRI,Commodities Trading,13.5939,1.13,31.61372093023256
Panth Infinity Ltd,PANTH,Commodities Trading,13.28872193,7.19,-23.72986059
Panabyte Technologies Ltd,PANABYTE,Commodities Trading,10.7555,24.5,-23.38152174
Haria Exports Ltd,HARIAEXPO,Commodities Trading,10.3026,8.92,114.4733333333333
Mukta Agriculture Ltd,MUKTA,Commodities Trading,9.106343820000001,4.2,-4.71831286
Amit International Ltd,AMITINT,Commodities Trading,8.3559357,4.41,139.26559499999996
Ramgopal Polytex Ltd,RAMGOPOLY,Commodities Trading,7.6995,5.31,-4.638253012
Kabra Commercial Ltd,KCL,Commodities Trading,7.57638,25.77,11.141735294117652
Trio Mercantile And Trading Ltd,TRIOMERC,Commodities Trading,7.473026440000001,1.1,-33.968302
AVI Products India Ltd,APIL,Commodities Trading,7.106317498,21.49,28.425269992000057
Sree Jayalakshmi Autospin Ltd,SREEJAYA,Commodities Trading,6.8158204,15.22,2.123308535825545
CHD Chemicals Ltd,CHDCHEM,Commodities Trading,6.65177464,6.58,25.58374861538466
Gratex Industries Ltd,GRATEXI,Commodities Trading,6.130296,20.2,68.11439999999962
Unitech International Ltd,UNITINT,Commodities Trading,5.757399,5.7,-0.212371782
P M Telelinnks Ltd,PMTELELIN,Commodities Trading,5.4405,5.4,68.00625000000048
Dhenu Buildcon Infra Ltd,DHENUBUILD,Commodities Trading,5.1057,2.79,-51.057
AVI Polymers Ltd,AVI,Commodities Trading,4.990654,12.2,249.5326999999996
Gleam Fabmat Ltd,GLEAM,Commodities Trading,4.928856,4.92,61.61070000000001
Atharv Enterprises Ltd,ATHARVENT,Commodities Trading,4.59,2.7,25.500000000000146
T Spiritual World Ltd,TSPIRITUAL,Commodities Trading,3.860386,1.93,-20.31782105
Pagaria Energy Ltd,WOMENNET,Commodities Trading,3.6972195,8.5,61.620324999999994
Adarsh Mercantile Ltd,ADARSH,Commodities Trading,3.4157122497302503,9.29,-2.033162053
Euro Asia Exports Ltd,EUROASIA,Commodities Trading,2.78462,17.75,139.23100000000593
SVA India Ltd,SVAINDIA,Commodities Trading,2.6850138,8.13,
Indoworth Holdings Ltd,UNIWSEC,Commodities Trading,1.251024,10.05,-125.1024
Hind Commerce Ltd,HCLTD,Commodities Trading,1.143,3.81,4.233333333333339
Varun Mercantile Ltd,VARUNME,Commodities Trading,0.205176,1.03,2.0517599999999994
Sarvamangal Marcantile Company Ltd,ZSARVAMA,Commodities Trading,,0,0
Sanmitra Commercial Ltd,ZSANMCOM,Commodities Trading,,0,0
Siemens Ltd,SIEMENS,Conglomerates,250309.8048,7028.8,127.65046908786788
Kama Holdings Ltd,KAMAHOLD,Conglomerates,9264.549003,2887,10.603446147551294
Balmer Lawrie and Company Ltd,BALMLAWRIE,Conglomerates,4951.416361,289.55,18.931050892487075
Sindhu Trade Links Ltd,SINDHUTRAD,Conglomerates,2837.148955,18.4,40.09537811192768
Balmer Lawrie Investments Ltd,BLIL,Conglomerates,2346.695279,1057.2,13.968424277857142
Jaiprakash Associates Ltd,JPASSOCIAT,Conglomerates,2168.7417583700003,8.86,-1.618463999
Zuari Industries Ltd,ZUARIIND,Conglomerates,1140.470441,382.95,1.597498902214565
TAAL Enterprises Ltd,TAALENT,Conglomerates,876.9542205,2814.05,23.605766366352626
Forbes & Company Ltd,FORBESCO,Conglomerates,810.0975779,628.05,-181.6362282
Black Rose Industries Ltd,BLACKROSE,Conglomerates,696.915,136.65,32.84236569274264
Super Sales India Ltd,SUPER,Conglomerates,513.9080225,1673.15,25.87653688318229
Bombay Oxygen Investments Ltd,BOMOXY-B1,Conglomerates,481.926,32128.4,8.366770833333334
Vaarad Ventures Ltd,VAARAD,Conglomerates,375.354306,15.02,-1390.201133
SAB Industries Ltd,SAB,Conglomerates,275.3024118,181,7.079002617639496
Dcm Ltd,DCM,Conglomerates,201.2714232,107.76,38.70604292769232
Gillanders Arbuthnot & Co Ltd,GILLANDERS,Conglomerates,185.87049131400002,87.09,-3.822136363
Future Enterprises Ltd,FELDVR,Conglomerates,101.72925322500001,5.52,
Bombay Cycle and Motor Agency Ltd,BOMBCYC,Conglomerates,76.402,1910.05,24.409584664536734
Future Enterprises Ltd,FEL,Conglomerates,56.76446369,0.77,-0.083728337
Fervent Synergies Ltd,FERVENTSYN,Conglomerates,53.79,17.93,-4.189252336
Kratos Energy & Infrastructure Ltd,KRATOSENER,Conglomerates,30.79,323.25,-32.41052632
Mitshi India Ltd,MITSHI,Conglomerates,16.9312,19.24,130.23999999999987
Nouveau Global Ventures Ltd,NOUVEAU,Conglomerates,9.09097,0.49,-43.29033333
Valley Magnesite Company Ltd,VALLEY,Conglomerates,1.378324524,13.12,1.1985430647750954
Larsen and Toubro Ltd,LT,Construction & Engineering,519651.8226,3779.3,39.79228466235443
GMR Airports Infrastructure Ltd,GMRINFRA,Construction & Engineering,72570.17042503199,101.52,-129.7587398
IRB Infrastructure Developers Ltd,IRB,Construction & Engineering,39422.592,65.28,65.07418497548736
NBCC (India) Ltd,NBCC,Construction & Engineering,32308.2,179.49,80.45471524267221
Ircon International Ltd,IRCON,Construction & Engineering,27006.90947,287.15,29.05312076992591
KEC International Ltd,KEC,Construction & Engineering,23314.05883,906.85,67.23011371316048
NCC Ltd,NCC,Construction & Engineering,21751.74504,346.45,30.606516260620047
Techno Electric & Engineering Company Ltd,TECHNOE,Construction & Engineering,19783.72053,1701.1,73.69336413
G R Infraprojects Ltd,GRINFRA,Construction & Engineering,17115.40511,1770.15,12.930461304083414
Waaree Renewable Technologies Ltd,WAAREERTL,Construction & Engineering,16550.3597,1589.1,113.89690799772907
Engineers India Ltd,ENGINERSIN,Construction & Engineering,14554.087248835001,258.95,32.68671618567804
Praj Industries Ltd,PRAJIND,Construction & Engineering,12817.28663,697.3,45.234821338415315
PNC Infratech Ltd,PNCINFRA,Construction & Engineering,12712.79832,495.55,13.979017749307264
KNR Constructions Ltd,KNRCON,Construction & Engineering,11024.39632,392,14.181111808592739
HG Infra Engineering Ltd,HGINFRA,Construction & Engineering,10303.55265,1581,19.13060518966188
Power Mech Projects Ltd,POWERMECH,Construction & Engineering,9694.89882,6132.85,39.04510197184865
Ahluwalia Contracts (India) Ltd,AHLUCONT,Construction & Engineering,9319.644285,1391.25,24.86365628418216
Hindustan Construction Company Ltd,HCC,Construction & Engineering,8917.500277,53.09,18.649615771269033
ITD Cementation India Ltd,ITDCEM,Construction & Engineering,8780.063418239999,511.1,32.07563445088227
Welspun Enterprises Ltd,WELENT,Construction & Engineering,7785.382584,570.3,26.38307832966215
Dilip Buildcon Ltd,DBL,Construction & Engineering,7402.132907,506.25,38.14942486664434
Man Infraconstruction Ltd,MANINFRA,Construction & Engineering,7339.249256444999,197.69,24.431588736501325
Ashoka Buildcon Ltd,ASHOKA,Construction & Engineering,7121.948015,253.7,14.15669081515866
J Kumar Infraprojects Ltd,JKIL,Construction & Engineering,6359.307452,840.45,19.225768515191863
India Infrastructure Trust,INFRATRUST,Construction & Engineering,6347.84,90,7.722245200846693
Bondada Engineering Ltd,BONDADA,Construction & Engineering,6137.7930236699995,2841.3,137.2493967725848
Balu Forge Industries Ltd,BALUFORGE,Construction & Engineering,5312.683688,506.25,56.71702453
Ramky Infrastructure Ltd,RAMKY,Construction & Engineering,5136.898015,742.35,16.68961959415512
Patel Engineering Ltd,PATELENG,Construction & Engineering,4681.4276047230005,57.99,17.352760044195264
EMS Ltd,EMSLIMITED,Construction & Engineering,4494.1082105099995,809.3,29.49083411
JNK India Ltd,JNKINDIA,Construction & Engineering,4145.14869,745.25,
Gensol Engineering Ltd,GENSOL,Construction & Engineering,3797.1366532199995,1002.6,63.75313386870387
Oriana Power Ltd,ORIANA,Construction & Engineering,3657.258603,1906.55,67.29086666053361
Ge Power India Ltd,GEPIL,Construction & Engineering,3351.9617040599996,498.6,-19.56435945
Vishnu Prakash R Punglia Ltd,VPRPL,Construction & Engineering,3327.37158,266.95,27.23335717793418
Thejo Engineering Ltd,THEJO,Construction & Engineering,3257.927782,3004.85,58.55369845497844
SEPC Ltd,SEPC,Construction & Engineering,3252.412355,20.8,142.8376089099691
Stylam Industries Ltd,STYLAMIND,Construction & Engineering,3235.384654,1909,25.18789142857144
Jash Engineering Ltd,JASH,Construction & Engineering,3089.222235,2468.9,46.26662026434025
PSP Projects Ltd,PSPPROJECT,Construction & Engineering,2828.243579,713.45,22.99758968039513
Capacite Infraprojects Ltd,CAPACITE,Construction & Engineering,2691.677628,318.15,22.376570189084692
Axiscades Technologies Ltd,AXISCADES,Construction & Engineering,2357.279324,561.95,71.86827206646352
B L Kashyap and Sons Ltd,BLKASHYAP,Construction & Engineering,2343.89968,103.97,44.628706778370116
Om Infra Ltd,OMINFRAL,Construction & Engineering,2090.274174,217.05,44.33243211760337
GPT Infraprojects Ltd,GPTINFRA,Construction & Engineering,1924.562448,165.42,33.273901244813345
KKRRAFTON Developers Limited,KDL,Construction & Engineering,1847.65644,189,554.8517837837835
Likhitha Infrastructure Ltd,LIKHITHA,Construction & Engineering,1753.158,444.4,26.872440220723465
Vascon Engineers Ltd,VASCONEQ,Construction & Engineering,1693.999256,75.68,24.933754136708846
Suyog Telematics Ltd,SUYOG,Construction & Engineering,1413.210695,1325.45,22.322077008371505
SPML Infra Ltd,SPMLINFRA,Construction & Engineering,1105.458562,186.27,-158.6023762
K&R Rail Engineering Ltd,KRRAIL,Construction & Engineering,953.2390882,450.25,122.2101395160263
Giriraj Civil Developers Ltd,GIRIRAJ,Construction & Engineering,906.58695,379,89.49525666337621
RPP Infra Projects Ltd,RPPINFRA,Construction & Engineering,807.4562971,212.82,14.116368831083909
Simplex Infrastructures Ltd,SIMPLEXINF,Construction & Engineering,805.713762,141,-11.14866144
MBL Infrastructure Ltd,MBLINFRA,Construction & Engineering,741.5022397,67.56,-18.8533496
Tantia Constructions Ltd,TCLCONS,Construction & Engineering,723.385,46.67,-32.55558056
Mold-Tek Technologies Ltd,MOLDTECH,Construction & Engineering,722.3951934,252.9,25.957426999640692
SRM Contractors Ltd,SRM,Construction & Engineering,591.272034,257.7,
Artson Engineering Ltd,ARTSONEN,Construction & Engineering,588.874,159.5,97.33454545454545
Vishnusurya Projects and Infra Ltd,VISHNUINFR,Construction & Engineering,588.6633303,239.2,21.343848089920233
Teerth Gopicon Ltd,TGL,Construction & Engineering,551.261624,459.4,47.68699169550175
Kataria Industries Ltd,KATARIA,Construction & Engineering,497.9097863,231.25,49.691595434131884
RBM Infracon Ltd,RBMINFRA,Construction & Engineering,497.87584,492.8,44.89412443642928
Refractory Shapes Ltd,REFRACTORY,Construction & Engineering,482.107,221.15,
Sadbhav Engineering Ltd,SADBHAV,Construction & Engineering,475.4226868,27.71,-0.754423636
Pratham EPC Projects Ltd,PRATHAM,Construction & Engineering,472.5936,266.1,47.165029940119766
Innovators Facade Systems Ltd,INNOVATORS,Construction & Engineering,425.9407656,225.75,27.93054200655739
Udayshivakumar Infra Ltd,USK,Construction & Engineering,422.0982078,76.25,14.009233579488908
Atlantaa Ltd,ATLANTAA,Construction & Engineering,412.553,50.62,0.7670980457782487
Winsol Engineers Ltd,WINSOL,Construction & Engineering,407.19256,353,46.85760184119682
Madhav Infra Projects Ltd,MADHAVIPL,Construction & Engineering,388.7366095,14.42,17.922388636237912
Chavda Infra Ltd,CHAVDA,Construction & Engineering,374.03152,151.7,19.93771428571429
Z-Tech (India) Ltd,ZTECH,Construction & Engineering,373.16775168000004,291.6,47.84201945
Il&Fs Engineering and Construction Company Ltd,IL&FSENGG,Construction & Engineering,368.0568659,28.07,-4.752186778
Kay Cee Energy & Infra Ltd,KCEIL,Construction & Engineering,356.8028,325.55,54.473709923664146
AVP Infracon Ltd,AVPINFRA,Construction & Engineering,355.9536,142.5,19.07575562700964
A2z Infra Engineering Ltd,A2ZINFRA,Construction & Engineering,353.8247947,20.09,-62.07452539
BGR Energy Systems Ltd,BGRENERGY,Construction & Engineering,328.5515827,45.53,-0.433342455
A B Infrabuild Ltd,ABINFRA,Construction & Engineering,315.38094151999996,63.4,27.592383335083092
K2 Infragen Ltd,K2INFRA,Construction & Engineering,308.4566413,244.45,
Maruti Infrastructure Ltd,MAINFRA,Construction & Engineering,299.9375,239.95,205.43664383561682
Anlon Technology Solutions Ltd,ANLON,Construction & Engineering,294.2625,525,65.24667405764964
Generic Engineering Construction and Projects Ltd,GENCON,Construction & Engineering,286.60772747600004,54.04,25.72780318456019
RKEC Projects Ltd,RKEC,Construction & Engineering,286.0159332,119.22,14.329455571142276
Konstelec Engineers Ltd,KONSTELEC,Construction & Engineering,274.971,182.1,30.826345291479747
Brahmaputra Infrastructure Ltd,BRAHMINFRA,Construction & Engineering,271.8153528,93.67,15.849291708454796
Prajay Engineers Syndicate Ltd,PRAENG,Construction & Engineering,270.23189642399996,38.64,-6.936136972
Indiabulls Enterprises Ltd,IEL,Construction & Engineering,261.40816204600003,13.18,-10.35690024
Mason Infratech Ltd,MASON,Construction & Engineering,253.571175,144.3,21.76576609442059
Tarmat Ltd,TARMAT,Construction & Engineering,238.95223466999997,100.34,-211.4621546
Salasar Exteriors and Contour Ltd,SECL,Construction & Engineering,236.781205,23,3946.353416666646
Organic Recycling Systems Ltd,ORGANICREC,Construction & Engineering,229.0149349,297.45,29.512233875644334
Univastu India Ltd,UNIVASTU,Construction & Engineering,209.10864,184,29.535118644067833
Supreme Infrastructure India Ltd,SUPREMEINF,Construction & Engineering,204.4048509,79.54,-0.174022298
Niraj Cement Structurals Ltd,NIRAJ,Construction & Engineering,197.2829889,49.13,20.2966038
Dhruv Consultancy Services Ltd,DHRUV,Construction & Engineering,197.0207356,124,33.50692782312925
Semac Consultants Ltd,SEMAC,Construction & Engineering,175.3174019,562.4,-5.422746734
BCPL Railway Infrastructure Ltd,BCPL,Construction & Engineering,172.0026168,102.85,31.618128093750023
Gayatri Projects Ltd,GAYAPROJ,Construction & Engineering,167.9172204,8.97,-0.175240522
ANI Integrated Services Ltd,AISL,Construction & Engineering,152.17734,147,26.886455830388726
Skil Infrastructure Ltd,SKIL,Construction & Engineering,151.3770984,7.24,0.1355259797665091
Gujarat Toolroom Ltd,GUJTLRM,Construction & Engineering,149.3280768,12.8,2.1079626877470363
Teamo Productions HQ Ltd,TPHQ,Construction & Engineering,148.7126968,1.58,30.536488049281672
Jayant Infratech Ltd,JAYANT,Construction & Engineering,145.60029,150,29.897390143737177
GTV Engineering Ltd,GTV,Construction & Engineering,139.4347409,446.35,25.725966952029516
Rudra Gas Enterprise Ltd,RUDRAGAS,Construction & Engineering,127.44633,152.85,27.348997854077254
Sharika Enterprises Ltd,SHARIKA,Construction & Engineering,127.2587,29.39,83.17562091503294
Rachana Infrastructure Ltd,RILINFRA,Construction & Engineering,120.00225,64.5,33.05847107438014
Madhucon Projects Ltd,MADHUCON,Construction & Engineering,115.7104659,15.68,-2.565073507
Excel Realty N Infra Ltd,EXCEL,Construction & Engineering,115.67699450999999,0.82,119.25463351546392
Blue Pebble Ltd,BLUEPEBBLE,Construction & Engineering,115.3824,282.8,30.768639999999994
Promax Power Ltd,PROMAX,Construction & Engineering,108.5,43.4,79.19708029197106
Shristi Infrastructure Development Corporation Ltd,SHRISTI,Construction & Engineering,99.4116,44.78,-2.487777778
McNally Bharat Engg Co Ltd,MBECL,Construction & Engineering,99.01511428,4.68,-0.112110774
Kaizen Agro Infrabuild Ltd,KAIZENAGRO,Construction & Engineering,98.20243608,19.1,982.0243608000335
Siddhika Coatings Ltd,SIDDHIKA,Construction & Engineering,93.580955,151.45,18.567649801587283
Modulex Construction Technologies Ltd,MODULEX,Construction & Engineering,79.02843961,11.42,-11.45339705
Pattech Fitwell Tube Components Ltd,PATTECH,Construction & Engineering,76.7961513,99,53.33066062500005
Ekansh Concepts Ltd,EKANSH,Construction & Engineering,74.049602,48.95,-22.43927333
AJR Infra and Tolling Ltd,AJRINFRA,Construction & Engineering,65.92822642,0.7,-0.042114822
Dmr Hydroengineering & Infrastructures Ltd,DMR,Construction & Engineering,64.7774275,170.75,42.33818790849672
Akash Infra-Projects Ltd,AKASH,Construction & Engineering,61.46393643,36.45,267.2345062173865
Atal Realtech Ltd,ATALREAL,Construction & Engineering,59.43003,8.03,27.641874418604626
VSF Projects Ltd,VSFPROJ,Construction & Engineering,58.782965921000006,52.33,1.6628844673550216
Artefact Projects Ltd,ARTEFACT,Construction & Engineering,58.782,80.8,11.217938931297711
CCL International Ltd,CCLINTER,Construction & Engineering,58.6142004,30.54,39.87360571428565
Sonu Infratech Ltd,SONUINFRA,Construction & Engineering,54.83225,69.85,19.105313588850137
DRA Consultants Ltd,DRA,Construction & Engineering,53.753,49,22.585294117647038
Abhishek Integrations Ltd,AILIMITED,Construction & Engineering,53.4113259,88.7,69.36535831
Julien Agro Infratech Ltd,JULIEN,Construction & Engineering,53.23241,26.9,1064.648199999994
Conart Engineers Ltd,CONART,Construction & Engineering,49.3608,157.2,16.02623376623377
Shantidoot Infra Services Ltd,SISL,Construction & Engineering,49.3551,274.5,40.12609756
ARSS Infrastructure Projects Ltd,ARSSINFRA,Construction & Engineering,44.36177167,19.51,7.480905845868547
Starlog Enterprises Ltd,STARLOG,Construction & Engineering,42.1237872,35.2,-17.92501583
Faalcon Concepts Ltd,FAALCON,Construction & Engineering,40.3318586,59.05,19.96626663366336
Mukand Engineers Ltd,MUKANDENGG,Construction & Engineering,38.660129999999995,30.75,-1.750119058
Shashijit Infraprojects Ltd,SHASHIJIT,Construction & Engineering,36.204,7,-59.35081967
Falcon Technoprojects India Ltd,FALCONTECH,Construction & Engineering,34.79237054,64.95,40.45624480813952
Kaushalya Infrastructure Development Corporation Ltd,KAUSHALYA,Construction & Engineering,33.62977566,971.1,2.225663511581734
Gayatri Highways Ltd,GAYAHWS,Construction & Engineering,31.6340508,1.32,-0.071713028
Kcl Infra Projects Ltd,KCLINFRA,Construction & Engineering,24.83004386,1.47,28.872144024418652
Suvidha Infraestate Corporation Ltd,SICL,Construction & Engineering,24.570752,27.62,76.78359999999999
Indifra Ltd,INDIFRA,Construction & Engineering,24.45795,33.55,-20.72707627
Yogi Infra Projects Ltd,YOGISUNG,Construction & Engineering,23.6515032,14.04,22.312738867924743
Northlink Fiscal and Capital Services Ltd,NORTHLINK,Construction & Engineering,21.047,64.76,-131.54375
Rite Zone Chemcon India Ltd,RITEZONE,Construction & Engineering,17.53446915,41.45,15.51722933628322
PBA Infrastructure Ltd,PBAINFRA,Construction & Engineering,17.091711491999998,12.66,6.947850200000013
R J Shah and Company Ltd,RJSHAH,Construction & Engineering,15.4055,550,4.130160857908845
Manav Infra Projects Ltd,MANAV,Construction & Engineering,13.87708,20.3,12.067026086956522
Transwind Infrastructures Ltd,TRANSWIND,Construction & Engineering,13.17733,19.7,23.530946428571426
Raunaq lnternational Ltd,RAUNAQEPC,Construction & Engineering,13.132258504000001,39.28,-12.27313879
Setubandhan Infrastructure Ltd,SETUINFRA,Construction & Engineering,9.04883472,0.72,90.48834720000153
Vardhman Concrete Ltd,VARDHMAN,Construction & Engineering,7.192383,10.05,-5.575490698
Quantum Digital Vision (India) Ltd,QUANTDIA,Construction & Engineering,5.751325,18.95,2.0180087719298245
Shelter Infra Projects Ltd,SIPL,Construction & Engineering,4.2484915899999995,11.9,-22.36048205
Richa Industries Ltd,RICHAIND,Construction & Engineering,4.07682,1.74,-0.088261961
SS Infrastructure Development Consultants Ltd,SSINFRA,Construction & Engineering,3.75514275,2.65,-0.77107654
CMM Infraprojects Ltd,CMMIPL,Construction & Engineering,3.6048498,2.3,17.16595142857244
Abhishek Infraventures Ltd,ABHIINFRA,Construction & Engineering,3.554496,7.04,-13.67113846
Jaihind Projects Ltd,JAIHINDPRO,Construction & Engineering,2.3417863199999998,2.4,-0.03330659
Anand Projects Ltd,ANANDPROJ,Construction & Engineering,2.2983612181383597,24.48,-0.077255839
Silveroak Commercials Ltd,SILVERO,Construction & Engineering,1.023,3.72,-0.130484694
Shaw Construction Pvt Ltd,SHAHCON,Construction & Engineering,0.93283125,57.85,-0.382307889
Dugar Housing Developments Ltd,DUGARHOU,Construction & Engineering,0.3678,12.26,-1.839
Tivoli Construction Ltd,TVOLCON,Construction & Engineering,,0,
Oriental InfraTrust,OSEINTRUST,Construction & Engineering,,,
Highway Infrastructure Ltd,HIGHWAYS,Construction & Engineering,,,0
Dredging Corporation of India Ltd,DREDGECORP,Dredging,3230.78,1153.85,90.54876681614367
Havells India Ltd,HAVELLS,Electrical Components & Equipments,115230.8597,1838.05,90.67869594679583
Polycab India Ltd,POLYCAB,Electrical Components & Equipments,101878.8557,6775.05,57.105701500765136
Apar Industries Ltd,APARINDS,Electrical Components & Equipments,35377.44007,8807.3,42.87550910164583
Kaynes Technology India Ltd,KAYNES,Electrical Components & Equipments,28025.19532,4378.2,152.89250038952542
V Guard Industries Ltd,VGUARD,Electrical Components & Equipments,20057.77107,461.05,77.87006394756969
Olectra Greentech Ltd,OLECTRA,Electrical Components & Equipments,13915.96815,1695.4,181.1267493294286
Graphite India Ltd,GRAPHITE,Electrical Components & Equipments,10337.32268,529.1,12.79213300153447
ELANTAS Beck India Ltd,ELANTAS,Electrical Components & Equipments,9963.827844880001,12568.4,72.57504439420205
HEG Ltd,HEG,Electrical Components & Equipments,8577.851209,2222.5,27.52133986300049
Diamond Power Infrastructure Ltd,DIACABS,Electrical Components & Equipments,8262.379249739999,1567.9,485.1661332789193
HPL Electric & Power Ltd,HPL,Electrical Components & Equipments,3863.173199,600.8,88.66589852834547
Marine Electricals (India) Ltd,MARINE,Electrical Components & Equipments,3633.701198,273.9,140.29734353281884
Spectrum Electrical Industries Ltd,SPECTRUM,Electrical Components & Equipments,3121.318,2000,158.28184584178524
Precision Wires India Ltd,PRECWIRE,Electrical Components & Equipments,2733.645675,153.01,37.52430577
Servotech Power Systems Ltd,SERVOTECH,Electrical Components & Equipments,2697.141909,121,229.54399225531887
IKIO Lighting Ltd,IKIO,Electrical Components & Equipments,2473.755239,320.1,40.841261994551765
Ram Ratna Wires Ltd,RAMRAT,Electrical Components & Equipments,1844.92,419.3,35.31623277182225
MIC Electronics Ltd,MICEL,Electrical Components & Equipments,1828.925347,82.59,29.570337054761524
Swelect Energy Systems Ltd,SWELECTES,Electrical Components & Equipments,1791.386463,1181.75,28.893330048387092
Salzer Electronics Ltd,SALZERELEC,Electrical Components & Equipments,1617.970436,915,35.265266684829946
Rishabh Instruments Ltd,RISHABH,Electrical Components & Equipments,1614.36735,422.4,40.70517775491677
Hind Rectifiers Ltd,HIRECT,Electrical Components & Equipments,1355.17628,790.75,108.50090308246614
Ice Make Refrigeration Ltd,ICEMAKE,Electrical Components & Equipments,1332.598621,844.5,50.78500841272868
Ravindra Energy Ltd,RELTD,Electrical Components & Equipments,1258.980714,81.63,-24.72953672
De Nora India Ltd,DENORA,Electrical Components & Equipments,887.5505185,1671.9,46.688612228300904
Jay Jalaram Technologies Ltd,KORE,Electrical Components & Equipments,819.375,690,201.81650246305438
Artemis Electricals and Projects Ltd,AEPL,Electrical Components & Equipments,745.8306299,29.71,190.74952171355525
RMC Switchgears Ltd,RMC,Electrical Components & Equipments,723.230328,701.6,48.57154654130284
Modern Insulators Ltd,MODINSU,Electrical Components & Equipments,709.515695,150.5,19.68689497780244
Shivalic Power Control Ltd,SPCL,Electrical Components & Equipments,663.3038138,275.05,59.11798696702314
Uravi T & Wedge Lamps Ltd,URAVI,Electrical Components & Equipments,637.945,579.95,300.9174528301884
Kaycee Industries Ltd,KAYCEEI,Electrical Components & Equipments,618.76903,1949.8,137.50422888888863
V-Marc India Ltd,VMARCIND,Electrical Components & Equipments,562.1231203,246.7,20.94348436363641
Viviana Power Tech Ltd,VIVIANA,Electrical Components & Equipments,517.15125,866.25,79.80729166666674
Modison Ltd,MODISONLTD,Electrical Components & Equipments,517.0583,159.34,24.218187353629943
Saakshi Medtech and Panels Ltd,SAAKSHI,Electrical Components & Equipments,467.61916,264.85,41.38222654867262
Bhagyanagar India Ltd,BHAGYANGR,Electrical Components & Equipments,350.6652,109.6,7.669842519685063
VETO Switch Gears And Cables Ltd,VETO,Electrical Components & Equipments,316.3716202,165.51,17.62515989999999
Amba Enterprises Ltd,AEL,Electrical Components & Equipments,295.93872,233.75,47.964136142625996
Sarthak Metals Ltd,SMLT,Electrical Components & Equipments,260.8992555,190.58,18.851102276011506
DCG Cables & Wires Ltd,DCG,Electrical Components & Equipments,240.93594,132.75,
Aartech Solonics Ltd,AARTECH,Electrical Components & Equipments,234.7195305,221.64,181.95312441860503
Cosmo Ferrites Ltd,COSMOFE,Electrical Components & Equipments,229.6527,190.9,-117.1697449
S & S Power Switchgear Ltd,S&SPOWER,Electrical Components & Equipments,229.586,370.3,79.44152249134943
Calcom Vision Ltd,CALCOM,Electrical Components & Equipments,186.8573178,138.2,144.85063395348828
Kundan Edifice Ltd,KEL,Electrical Components & Equipments,147.9168,144,49.305600000000034
Mehai Technology Ltd,MEHAI,Electrical Components & Equipments,122.64288,41.28,215.16294736842087
HEC Infra Projects Ltd,HECPROJECT,Electrical Components & Equipments,115.60543847999999,114.03,24.544679082802524
Shalimar Wires Industries Ltd,SHALIWIR,Electrical Components & Equipments,107.61464459100002,25.17,73.70866067876692
Pressure Sensitive Systems (India) Ltd,PRESSURS,Electrical Components & Equipments,107.56245,7.25,0.760212383
Dhanashree Electronics Ltd,DEL,Electrical Components & Equipments,100.8909,71.1,25.803299232736574
Advance Metering Technology Ltd,AMTL,Electrical Components & Equipments,61.291347722000005,38.17,-30.34225135
Integra Switchgear Ltd,INTEGSW,Electrical Components & Equipments,41.581488,144.3,-189.0067636
Maks Energy Solutions India Ltd,MAKS,Electrical Components & Equipments,41.01928285,59.15,151.92326981481276
Pan Electronics (India) Ltd,PANELEC,Electrical Components & Equipments,30.628,76.57,-8.437465565
Switching Technologies Gunther Ltd,SWITCHTE,Electrical Components & Equipments,18.0075,73.5,-5.644984326
EPIC Energy Ltd,EPIC,Electrical Components & Equipments,17.466253,24.22,47.20608918918919
Amalgamated Electricity Company Ltd,AMALGAM,Electrical Components & Equipments,14.2990368,51.5,-178.73796
Continental Controls Ltd,CONTICON,Electrical Components & Equipments,7.664381231999999,12.47,-24.72381043
S G N Telecoms Ltd,SGNTE,Electrical Components & Equipments,7.4345108,0.92,-11.99114645
Shri Ram Switchgears Ltd,SRIRAM,Electrical Components & Equipments,6.30665595,6.6,-1.62962686
MPF Systems Ltd,MPFSL,Electrical Components & Equipments,1.281264092,75.31,-32.0316023
Kusam Electrical Industries Ltd,KUSUMEL,Electrical Components & Equipments,0.12432,5.18,1.5539999999999796
Pervasive Commodities Ltd,PERVASIVE,Electrical Components & Equipments,0.114264,12,0.816171429
Lakshmi Electrical Control Systems Ltd,LAKSELEC,Electrical Components & Equipments,0,1529.1,0
Oseaspre Consultants Ltd,OSEASPR,Electrical Components & Equipments,,0,0
Classic Electricals Ltd,CLASELE,Electrical Components & Equipments,,0,0
Quess Corp Ltd,QUESS,Employment Services,10426.09131,701.5,37.52282197
TeamLease Services Ltd,TEAMLEASE,Employment Services,5490.755332,3275.55,48.95903105
Dynamic Services & Security Ltd,DYNAMIC,Employment Services,475.3184842,271.05,53.58720227282977
Spectrum Talent Management Ltd,SPECTSTM,Employment Services,240.1681984,104,20.73991350604505
Integrated Personnel Services Ltd,IPSL,Employment Services,132.599784,184,24.692697206703983
Service Care Ltd,SERVICE,Employment Services,77.49989,67.4,17.77520412844037
Secur Credentials Ltd,SECURCRED,Employment Services,28.5386182,6.95,3.6682028534704356
Husys Consulting Ltd,HUSYSLTD,Employment Services,19.42484375,85.15,6.266078629032239
ABB India Ltd,ABB,Heavy Electrical Equipments,164648.5692,7769.8,132.56194936395462
CG Power and Industrial Solutions Ltd,CGPOWER,Heavy Electrical Equipments,111360.03230883999,728.6,78.0373174
Bharat Heavy Electricals Ltd,BHEL,Heavy Electrical Equipments,107421.6545,308.5,380.63090674562557
Hitachi Energy India Ltd,POWERINDIA,Heavy Electrical Equipments,52520.00739,12392.15,320.67412007036967
Ge T&D India Ltd,GET&D,Heavy Electrical Equipments,42613.82482,1664.3,235.3704767746479
Inox Wind Ltd,INOXWIND,Heavy Electrical Equipments,23210.1405,178.02,-574.2241589
Triveni Turbine Ltd,TRITURBINE,Heavy Electrical Equipments,19217.24878,604.55,71.40242541210898
Schneider Electric Infrastructure Ltd,SCHNEIDER,Heavy Electrical Equipments,19216.79129,803.7,111.7060471600883
Elecon Engineering Company Ltd,ELECON,Heavy Electrical Equipments,14283.05554,636.5,40.168332146071194
Voltamp Transformers Ltd,VOLTAMP,Heavy Electrical Equipments,13776.38113,13616.9,44.82310438522856
Transformers and Rectifiers (India) Ltd,TRIL,Heavy Electrical Equipments,11037.09772,735.4,248.0246677793258
Inox Wind Energy Ltd,IWEL,Heavy Electrical Equipments,10254.65319,8511.8,-151.8982845
TD Power Systems Ltd,TDPOWERSYS,Heavy Electrical Equipments,6223.378525,398.5,52.58452492479934
Bharat Bijlee Ltd,BBL,Heavy Electrical Equipments,5629.85801,4980.8,42.832151625076044
Inox Green Energy Services Ltd,INOXGREEN,Heavy Electrical Equipments,5136.63697,174.95,184.04288677893237
Indo Tech Transformers Ltd,INDOTECH,Heavy Electrical Equipments,2372.508,2234,50.629705505761805
Kirloskar Electric Company Ltd,KECL,Heavy Electrical Equipments,1551.499113,233.61,110.19169834026984
Vilas Transcore Ltd,VILAS,Heavy Electrical Equipments,1098.54,448.75,47.61768530559173
Marsons Ltd,MARSONS,Heavy Electrical Equipments,926.7585,53.85,1471.045238095238
Hindusthan Urban Infrastructure Ltd,HUIL,Heavy Electrical Equipments,415.8178137,2881.85,-18.76434177
Aaron Industries Ltd,AARON,Heavy Electrical Equipments,292.15100190500004,278.95,46.080599669558396
Star Delta Transformers Ltd,STARDELTA,Heavy Electrical Equipments,263.462563,878.15,23.714002070207048
Rulka Electricals Ltd,RULKA,Heavy Electrical Equipments,218.13654,512.25,35.701561374795396
Rts Power Corporation Ltd,RTSPOWR,Heavy Electrical Equipments,191.3924375,208.75,46.341994552058104
Jyoti Ltd,JYOTI,Heavy Electrical Equipments,189.3595496,82,22.435965592417045
Alfa Transformers Ltd,ALFATRAN,Heavy Electrical Equipments,88.01090361,96.18,11.519751781413612
Tarapur Transformers Ltd,TARAPUR,Heavy Electrical Equipments,25.564514421000002,13.11,-20.45161154
IMP Powers Ltd,INDLMETER,Heavy Electrical Equipments,4.836475279999999,5.6,-0.09306283
Action Construction Equipment Ltd,ACE,Heavy Machinery,16190.30469,1360.35,49.336618401130565
Isgec Heavy Engineering Ltd,ISGEC,Heavy Machinery,11302.22098,1537.1,46.38330932039235
TIL Ltd,TIL,Heavy Machinery,2477.596483,372,9.758158657739267
Galaxy Bearings Ltd,GALXBRG,Heavy Machinery,483.6621,1520.95,25.658466843501326
Crown Lifters Ltd,CROWN,Heavy Machinery,323.4567741,288.2,58.70358876225044
W H Brady & Company Ltd,WHBRADY,Heavy Machinery,158.5335,621.7,17.673745819397986
Cummins India Ltd,CUMMINSIND,Industrial Machinery,105751.8,3815,61.46287879668482
Thermax Limited,THERMAX,Industrial Machinery,58340.27179518001,5180.2,90.41078569796069
AIA Engineering Ltd,AIAENG,Industrial Machinery,42597.9087,4516.3,37.51268863212865
Timken India Ltd,TIMKEN,Industrial Machinery,32536.99167,4325.65,82.97289659996427
Carborundum Universal Ltd,CARBORUNIV,Industrial Machinery,32521.1597,1709.05,70.50810793096875
Grindwell Norton Ltd,GRINDWELL,Industrial Machinery,28472.2016,2571.55,74.21593577
SKF India Ltd,SKFINDIA,Industrial Machinery,28090.1562,5681.9,50.90640847584268
Elgi Equipments Ltd,ELGIEQUIP,Industrial Machinery,22414.12894,708.9,71.86779830781065
Kirloskar Brothers Ltd,KIRLOSBROS,Industrial Machinery,19101.4201,2405.45,54.87021746716647
Kirloskar Oil Engines Ltd,KIRLOSENG,Industrial Machinery,17396.07915,1199.05,39.36922432528794
KSB Ltd,KSB,Industrial Machinery,16903.55924,971.25,80.97901332997985
Lakshmi Machine Works Ltd,LAXMIMACH,Industrial Machinery,16208.14077,15171.9,43.37670815714823
Ingersoll-Rand (India) Ltd,INGERRAND,Industrial Machinery,13920.38312,4409.65,62.600094976840374
Craftsman Automation Ltd,CRAFTSMAN,Industrial Machinery,13226.25088,5544.3,43.44024331687854
Tega Industries Ltd,TEGA,Industrial Machinery,12486.71578,1876.7,64.41099651109049
HMT Ltd,HMT,Industrial Machinery,11754.34259,97.62,-95.62595664
Vesuvius India Ltd,VESUVIUS,Industrial Machinery,10548.07574,5197.1,49.53543597633133
ESAB India Ltd,ESABINDIA,Industrial Machinery,9736.546941,6325.3,59.74074696649895
Lloyds Engineering Works Ltd,LLOYDSENGG,Industrial Machinery,9693.304241032001,84.71,121.40912125541077
Shakti Pumps (India) Ltd,SHAKTIPUMP,Industrial Machinery,8942.867236,4463.6,63.106818403782434
Kirloskar Pneumatic Company Ltd,KIRLPNU,Industrial Machinery,8758.286909,1377.5,65.71343719
Technocraft Industries (India) Ltd,TIIL,Industrial Machinery,8194.566857,3568.8,31.01535466696946
Kennametal India Ltd,KENNAMET,Industrial Machinery,7439.194675,3384.8,84.82548090307874
Rolex Rings Ltd,ROLEXRINGS,Industrial Machinery,6814.319329,2502.2,43.67033663573443
GMM Pfaudler Ltd,GMMPFAUDLR,Industrial Machinery,6528.0137109199995,1452.05,36.487696109328645
Cyient DLM Ltd,CYIENTDLM,Industrial Machinery,6344.48992,800,103.66813594771294
MTAR Technologies Ltd,MTARTECH,Industrial Machinery,5806.641791,1887.75,103.48675442924625
Harsha Engineers International Ltd,HARSHA,Industrial Machinery,5125.327891,562.95,45.99594266333127
WPIL Ltd,WPIL,Industrial Machinery,5012.95381,513.25,10.55314262557366
LG Balakrishnan & Bros Ltd,LGBBROSLTD,Industrial Machinery,4369.824307,1392,16.10342094339621
Pitti Engineering Ltd,PITTIENG,Industrial Machinery,4224.92353,1191.3,46.83950698536589
Honda India Power Products Ltd,HONDAPOWER,Industrial Machinery,4093.743456,4036,44.39587306799697
Greaves Cotton Ltd,GREAVESCOT,Industrial Machinery,3945.4449960059997,169.71,-29.16718412
Shaily Engineering Plastics Ltd,SHAILY,Industrial Machinery,3827.414372,834.45,66.81938498516054
NRB Bearings Ltd,NRBBEARING,Industrial Machinery,3156.284469,325.65,13.182493710061394
Wendt (India) Limited,WENDT,Industrial Machinery,3094.7,15473.5,75.57264957264955
HLE Glascoat Ltd,HLEGLAS,Industrial Machinery,2990.028024,438,100.70825274503183
DISA India Ltd,DISAQ,Industrial Machinery,2934.716568,20180.9,68.44021848064368
Rajoo Engineers Ltd,RAJOOENG,Industrial Machinery,2918.392036,474.5,138.83882189819218
IFGL Refractories Ltd,IFGLEXPOR,Industrial Machinery,2298.0467296799998,637.65,28.13819921244032
Uniparts India Ltd,UNIPARTS,Industrial Machinery,2281.440238,509.7,18.298365723772868
Walchandnagar Industries Ltd,WALCHANNAG,Industrial Machinery,2204.928728,397.95,-52.71165977
PIX Transmissions Ltd,PIXTRANS,Industrial Machinery,2145.083362,1574.35,25.84749201108566
Roto Pumps Ltd,ROTO,Industrial Machinery,2060.496254,656.05,52.60393806612205
Divgi TorqTransfer Systems Ltd,DIVGIITTS,Industrial Machinery,2046.609475,669.2,51.51294927863079
Ador Welding Ltd,ADORWELD,Industrial Machinery,1973.341539,1451.15,31.22869977377744
Hercules Hoists Ltd,HERCULES,Industrial Machinery,1966.24,614.45,54.66333055323877
Eimco Elecon (India) Ltd,EIMCOELECO,Industrial Machinery,1801.841581,3123.65,46.74037822373542
Kilburn Engineering Ltd,KLBRENG-B,Industrial Machinery,1769.87366,409.5,35.01926513850416
Yuken India Ltd,YUKEN,Industrial Machinery,1656.915,1274.55,87.99336165693045
Macpower CNC Machines Ltd,MACPOWER,Industrial Machinery,1530.03623,1529.4,63.09427754226808
Kabra Extrusion Technik Ltd,KABRAEXTRU,Industrial Machinery,1426.017388,407.75,42.17738503105588
Sterling Tools Ltd,STERTOOLS,Industrial Machinery,1378.466434,382.65,24.89554693724041
Solex Energy Ltd,SOLEX,Industrial Machinery,1322.226,1530,151.2844393592679
IST Ltd,ISTLTD,Industrial Machinery,1132.118711,970.6,8.983643157594035
Windsor Machines Ltd,WINDMACHIN,Industrial Machinery,1078.127607,166.04,-140.1986485
Krishna Defence & Allied Industries Ltd,KRISHNADEF,Industrial Machinery,1039.664973,739.5,106.08826252040801
W S Industries (India) Ltd,WSI,Industrial Machinery,1019.295519,167.51,21.71485980146997
Emkay Taps and Cutting Tools Ltd,EMKAYTOOLS,Industrial Machinery,1003.1022,940,13.951351877607788
Axtel Industries Ltd,AXTEL,Industrial Machinery,999.335928,618.6,31.112575591531737
Bajaj Steel Industries Ltd,BAJAJST,Industrial Machinery,990.366,1904.55,16.783019827147935
Ratnaveer Precision Engineering Ltd,RATNAVEER,Industrial Machinery,918.6688157,189.42,29.586757348792265
Integra Engineering India Ltd,INTEGRAEN,Industrial Machinery,916.5197773200001,266.7,63.16469864369404
Morganite Crucible (India) Ltd,MORGANITE,Industrial Machinery,834.036,1489.35,35.52112436115843
Veljan Denison Ltd,VELJAN,Industrial Machinery,783,1740,35.461956521739104
Lokesh Machines Ltd,LOKESHMACH,Industrial Machinery,777.6966947,420.45,56.19195770592474
Stovec Industries Ltd,STOVACQ,Industrial Machinery,670.8273404,3212.75,74.20656420353973
Megatherm Induction Ltd,MEGATHERM,Industrial Machinery,669.6937123,355.45,32.321125111245145
Frontier Springs Ltd,FRONTSP,Industrial Machinery,590.5403393,1499.4,45.46115006466514
TRF Ltd,TRF,Industrial Machinery,585.2146301600001,531.8,16.913717634682076
Birla Precision Technologies Ltd,BIRLAPREC,Industrial Machinery,577.9857125,87.59,61.227300051165265
Mazda Ltd,MAZDA,Industrial Machinery,574.83765,1435.3,18.237235088832488
International Conveyors Ltd,INTLCONV,Industrial Machinery,527.31328,83.2,8.451887802532456
Jost's Engineering Company Ltd,JOSTS,Industrial Machinery,507.100491,1037.15,51.22227181565652
Ador Fontech Ltd,ADORFO,Industrial Machinery,494.55,141.3,20.83192923336142
Synergy Green Industries Ltd,SGIL,Industrial Machinery,490.80555,347.35,42.45722750865053
BEW Engineering Ltd,BEWLTD,Industrial Machinery,487.3081521,1491,35.963701261992604
Batliboi Ltd,BATLIBOI,Industrial Machinery,436.5932739,127.25,47.663021168122526
OK Play India Ltd,OKPLA,Industrial Machinery,428.1646963,14.75,375.5830668859639
Plaza Wires Ltd,PLAZACABLE,Industrial Machinery,416.4760305,95.19,113.1728343701084
Energy-Mission Machineries (India) Ltd,EMMIL,Industrial Machinery,406.62135,359,
Patels Airtemp (India) Ltd,PATELSAI,Industrial Machinery,378.4859056,691.9,25.625315206499675
Sintercom India Ltd,SINTERCOM,Industrial Machinery,355.7970994,129.25,309.38878204348066
SKP Bearing Industries Ltd,SKP,Industrial Machinery,350.094,210.9,32.780337078651684
Bemco Hydraulics Ltd,BEMHY,Industrial Machinery,349.303458,1597.4,43.992878841309945
Fluidomat Ltd,FLUIDOM,Industrial Machinery,321.708465,652.95,24.65198965517241
Gujarat Apollo Industries Ltd,GUJAPOLLO,Industrial Machinery,321.019,272.05,29.025226039783014
GEE Ltd,GEE,Industrial Machinery,315.7598619,121.5,24.572751898832667
International Combustion (India) Ltd,INTLCOMBQ,Industrial Machinery,307.6404726,1287.05,15.428308554664017
Captain Polyplast Ltd,CPL,Industrial Machinery,302.9773601,54.71,17.030767852164153
KPT Industries Ltd,KPT,Industrial Machinery,285.617,840.05,23.683001658374767
LGB Forge Ltd,LGBFORGE,Industrial Machinery,283.9373359,11.92,-28.76771387
Captain Technocast Ltd,CTCL,Industrial Machinery,281.79738,276,73.00450259067367
Bimetal Bearings Ltd,BIMETAL,Industrial Machinery,248.3955,649.4,24.400343811394883
Somi Conveyor Beltings Ltd,SOMICONVEY,Industrial Machinery,222.8004136,189.14,48.96712386461536
LOYAL EQUIPMENTS Ltd,LOYAL,Industrial Machinery,222.513,218.15,31.428389830508443
DHP India Ltd,DHPIND,Industrial Machinery,217.845,726.15,8.245457986
Atam Valves Ltd,ATAM,Industrial Machinery,210.23142,183.4,36.06027787307033
Hilton Metal Forging Ltd,HILTON,Industrial Machinery,182.511,86.91,27.28116591928258
Cenlub Industries Ltd,CENLUB,Industrial Machinery,181.853061,390,20.273473913043468
ATV Projects India Ltd,ATVPR,Industrial Machinery,178.9526048,33.69,27.74458989534884
De Neers Tools Ltd,DENEERS,Industrial Machinery,169.201824,196.6,19.56090450867052
Lakshmi Automatic Loom Works Ltd,LXMIATO,Industrial Machinery,165.3517813,2472.55,71.58085768398271
Indian Card Clothing Company Ltd,INDIANCARD,Industrial Machinery,163.5590336,275.3,20.52183608531996
Rexnord Electronics and Controls Ltd,REXNORD,Industrial Machinery,152.2782,136.45,20.46750000000001
Pritika Engineering Components Ltd,PRITIKA,Industrial Machinery,146.5236542,111.15,43.60823042410713
Vishal Bearings Ltd,VISHALBL,Industrial Machinery,145.408725,134.75,133.40250000000032
ITL Industries Ltd,ITL,Industrial Machinery,141.1333935,440.45,15.390773555070888
Sharp Chucks and Machines Ltd,SCML,Industrial Machinery,140.6304814,130.7,23.016445407528565
Tamboli Industries Ltd,TAMBOLIIN,Industrial Machinery,135.0112,136.1,17.929774236387768
SNL Bearings Ltd,SNL,Industrial Machinery,131.6225753,364.45,16.831531368286456
Latteys Industries Ltd,LATTEYS,Industrial Machinery,130.9754894,22.78,87.90301298657701
D & H India Ltd,DHINDIA,Industrial Machinery,122.77906,149.95,45.47372592592582
Alfred Herbert (India) Ltd,ALFREDHE,Industrial Machinery,115.71435,1500,172.70798507462683
Holmarc Opto-Mechatronics Ltd,HOLMARC,Industrial Machinery,115.575,115,33.793859649122794
Shilp Gravures Ltd,SHILGRAVQ,Industrial Machinery,101.440951,164.95,8.882745271453588
Delta Manufacturing Ltd,DELTAMAGNT,Industrial Machinery,100.6658402,92.77,-9.688723796
Baroda Extrusion Ltd,BAROEXT,Industrial Machinery,100.459026,6.74,-91.32638727
Simmonds Marshall Ltd,SIMMOND,Industrial Machinery,99.68,89,30.576687116564162
Ameya Precision Engineers Ltd,AMEYA,Industrial Machinery,98.25,131,33.30508475
Nrb Industrial Bearings Ltd,NIBL,Industrial Machinery,95.25068515,39.31,-3.66348789
Global Pet Industries Ltd,GLOBALPET,Industrial Machinery,94.9378576,97,46.086338640776646
Rapicut Carbides Ltd,RAPICUT,Industrial Machinery,90.18320355,167.9,184.04735418367338
Marshall Machines Ltd,MARSHALL,Industrial Machinery,88.02818221,36.83,-16.27138303
Austin Engineering Company Ltd,AUSTENG,Industrial Machinery,73.277246,210.7,19.966552043596735
Manugraph India Ltd,MANUGRAPH,Industrial Machinery,64.51034438,21.21,-3.248255004
G G Dandekar Properties Ltd,GGDPROP,Industrial Machinery,59.898248460000005,125.8,-13.55163992
ASL Industries Ltd,ASLIND,Industrial Machinery,55.210577,53,157.74450571428574
Wires and Fabriks (SA) Ltd,WIREFABR,Industrial Machinery,53.0259375,173.5,35.58787751677787
Meera Industries Ltd,MEERA,Industrial Machinery,52.774609831999996,49.42,36.146993035616475
Ishan International Ltd,ISHAN,Industrial Machinery,48.65294025,2.25,83.88437974137938
Rolcon Engineering Company Ltd,ROLCOEN,Industrial Machinery,46.116,610,15.84742268041237
Acrow India Ltd,ACROW,Industrial Machinery,44.48,695,43.607843137254896
Solitaire Machine Tools Ltd,SOLIMAC,Industrial Machinery,44.445192160000005,97.85,24.82971629050279
Miven Machine Tools Ltd,MIVENMACH,Industrial Machinery,32.708115,108.9,-121.1411667
Trans Freight Containers Ltd,TRANSFRE,Industrial Machinery,23.58717536,32.39,22.252052226415092
Harish Textile Engineers Ltd,HARISH,Industrial Machinery,20.920056,62.71,-74.71448571
Scan Projects Ltd,SCANPRO,Industrial Machinery,20.6475338,71.86,412.9506760000045
Bright Solar Ltd,BRIGHT,Industrial Machinery,18.49926,7.4,-3.088357262
Deccan Bearings Ltd,DECANBRG,Industrial Machinery,16.55622172,75.83,-97.38953954
Kotia Enterprises Ltd,KEL,Industrial Machinery,15.30469,21.8,-1530.469
Premier Ltd,PREMIER,Industrial Machinery,15.064794719999998,4.96,-1.447146467
Lippi Systems Ltd,LIPPISYS,Industrial Machinery,12.663,18.09,-14.55517241
Galaxy Agrico Exports Ltd,GALAGEX,Industrial Machinery,12.2376576,44.8,-22.66232889
Taparia Tools Ltd,TAPARIA,Industrial Machinery,9.06171375,5.97,0.090826037
Universal Office Automation Ltd,UNIOFFICE,Industrial Machinery,9.026054576,6.16,-36.1042183
Hittco Tools Ltd,HITTCO,Industrial Machinery,8.130998040000001,13.2,45.172211333333244
Lexoraa Industries Ltd,SERVOTEACH,Industrial Machinery,7.956225,20.25,-33.1509375
Lakshmi Precision Screws Ltd,LAKPRE,Industrial Machinery,6.5650002,6,-0.164207109
Incon Engineers Ltd,INCON,Industrial Machinery,6.3867996,14.76,-13.58893532
Hindusthan Udyog Ltd,ZHINUDYP,Industrial Machinery,2.2678451,3.31,
Jeet Machine Tools Ltd,ZJEETMAC,Industrial Machinery,,,0
Container Corporation of India Ltd,CONCOR,Logistics,63247.79979,1038.05,50.17317271606154
Delhivery Ltd,DELHIVERY,Logistics,30089.117560634997,407.05,-120.7476928
Blue Dart Express Ltd,BLUEDART,Logistics,19502.34487,8219.15,64.78969095
shipping corporation of India Ltd,SCI,Logistics,13368.43159,287,19.689281686967018
TVS Supply Chain Solutions Ltd,TVSSCS,Logistics,8460.075553,192.16,-83.5893247
Transport Corporation of India Ltd,TCI,Logistics,7955.833103,1021.6,22.67976026
Allcargo Logistics Ltd,ALLCARGO,Logistics,6294.719325,64.05,42.04889329
Gateway Distriparks Ltd,GATEWAY,Logistics,5436.62458,108.81,21.216923897580397
VRL Logistics Ltd,VRLLOG,Logistics,5031.187832,575.2,56.62563683061343
TCI Express Ltd,TCIEXP,Logistics,4640.416803,1209.55,35.24277970000756
Mahindra Logistics Ltd,MAHLOG,Logistics,3671.6853773599996,509.6,-67.07499776
Dreamfolks Services Ltd,DREAMFOLKS,Logistics,2468.091074,465.45,35.76425263063328
Navkar Corporation Ltd,NAVKARCORP,Logistics,2122.62149,141.02,-1226.948838
GKW Ltd,GKWLIMITED,Logistics,2044.1229,3426,147.48361471861475
Allcargo Gati Ltd,ACLGATI,Logistics,1446.9311176879999,98.42,99.58232055664078
Snowman Logistics Ltd,SNOWMAN,Logistics,1345.559624,80.53,105.86621744571212
Lancer Container Lines Ltd,LANCER,Logistics,1273.741859,54.15,21.821858125749497
Allcargo Terminals Ltd,ATL,Logistics,1253.5385634479999,51.02,28.23921071070061
Transindia Real Estate Ltd,TREL,Logistics,1250.835913,50.91,4.995151602108542
Essar Shipping Ltd,ESSARSHPNG,Logistics,1090.142971,52.67,-9.230677148
Ritco Logistics Ltd,RITCO,Logistics,1026.2751,362.35,31.10867232176423
Sical Logistics Ltd,SICALLOG,Logistics,904.482747,138.62,-36.69301205
S J Logistics (India) Ltd,SJLOGISTIC,Logistics,872.5361669,602.45,38.59071945378148
Shreyas Shipping and Logistics Ltd,SHREYAS,Logistics,831.2024117149999,378.55,-16.29489143
AVG Logistics Ltd,AVG,Logistics,681.0422078,498.65,21.329226677106167
Oricon Enterprises Ltd,ORICONENT,Logistics,635.4150549,40.46,21.1663909
Tiger Logistics (India) Ltd,TIGERLOGS,Logistics,401.860725,38.01,31.031716216216275
North Eastern Carrying Corporation Ltd,NECCLTD,Logistics,353.1243093,36.75,44.030462506234386
DJ Mediaprint & Logistics Ltd,DJML,Logistics,337.01652,315.55,66.86835714285714
Premier Roadlines Ltd,PRLIND,Logistics,296.6415473,129.75,23.505669360142647
Shree Vasu Logistics Ltd,SVLL,Logistics,262.45674,228.9,84.12074999999987
Zeal Global Services Ltd,ZEAL,Logistics,258.20915,194,21.463769742310873
Maheshwari Logistics Ltd,MAHESHWARI,Logistics,213.9239546,73.18,16.194091943830365
Total Transport Systems Ltd,TOTAL,Logistics,179.8318759,111.51,143.8655007383963
Globe International Carriers Ltd,GICL,Logistics,177.676035,71.3,69.67687647058834
Shreeji Translogistics Ltd,STL,Logistics,176.385954,25.24,10.709529690346084
Accuracy Shipping Ltd,ACCURACY,Logistics,175.55296,11.66,358.27134693871585
DRS Dilip Roadlines Ltd,DRSDILIP,Logistics,162.6739524,108,54.224650799999786
Patel Integrated Logistics Ltd,PATINTLOG,Logistics,162.43315119000002,25.15,29.32006339169679
Sanco Trans Ltd,SANCTRN,Logistics,132.75,737.5,115.43478260869588
Orissa Bengal Carrier Ltd,OBCL,Logistics,127.88820414000001,60.66,34.65804990243892
Arshiya Ltd,ARSHIYA,Logistics,120.93544498499999,4.59,-0.771075268
Chartered Logistics Ltd,CHLOGIST,Logistics,114.14166,11.49,170.36068656716387
DRS Cargo Movers Ltd,DRSCARGO,Logistics,113.79644710999999,,-45.70138438
Chowgule Steamships Ltd,CHOWGULSTM,Logistics,112.8102765,31.07,15.224058903508768
Arvind and Company Shipping Agencies Ltd,ACSAL,Logistics,75.375738,62.1,14.302796584440227
Bombay Metrics Supply Chain Ltd,BMETRICS,Logistics,74.8994184,121.65,22.424975568862195
Jet Freight Logistics Ltd,JETFREIGHT,Logistics,67.65671707,14.58,397.9806886587978
ABC India Ltd,ABCINDQ,Logistics,59.4541212,109.75,25.96249834061156
Committed Cargo Care Ltd,COMMITTED,Logistics,59.4528,55,14.465401459854014
Balurghat Technologies Ltd,BALTE,Logistics,47.5384,26.12,19.40342857142867
Timescan Logistics (India) Ltd,TIMESCAN,Logistics,41.96294,60.05,11.042878947368383
Destiny Logistics & Infra Ltd,DESTINY,Logistics,41.70148,27.1,19.670509433962227
Marinetrans India Ltd,MARINETRAN,Logistics,33.91479,26.65,102.77209090908966
Oneclick Logistics India Ltd,OLIL,Logistics,33.479302,92.9,51.50661846153859
Interstate Oil Carrier Ltd,INTSTOIL,Logistics,18.321741,36.7,21.059472413793262
Future Supply Chain Solutions Ltd,FSC,Logistics,15.49091009,3.53,-0.022195825
Amiable Logistics (India) Ltd,AMIABLE,Logistics,14.24783,81.5,10.632708955223881
Rajasthan Petro Synthetics Ltd,RAJSPTR,Logistics,11.00886914,3.61,
Karnimata Cold Storage Ltd,KCSL,Logistics,5.74492,11.3,9.574866666666669
Jalan Transolutions (India) Ltd,JALAN,Logistics,4.6519104,3.2,-0.297817567
NDR InvIT Trust,NDRINVIT,Logistics,,105,0
Adani Ports and Special Economic Zone Ltd,ADANIPORTS,Ports,343494.4943,1590.15,42.35109613287915
JSW Infrastructure Ltd,JSWINFRA,Ports,68486.22348,331.75,59.24875074752796
Gujarat Pipavav Port Ltd,GPPL,Ports,11210.00463,231.88,32.77683293786731
Natura Hue Chem Ltd,NATHUEC,Ports,3.5773939,8.63,27.518414615384614
Jupiter Wagons Ltd,JWL,Rail,25459.27049,599.75,76.78631466
Titagarh Rail Systems Ltd,TITAGARH,Rail,21129.64083,1568.95,73.84371576976307
BEML Ltd,BEML,Rail,18975.94109,4556.65,67.34549842957014
Ramkrishna Forgings Ltd,RKFORGE,Rail,15314.00419,847.8,44.85254426886913
Texmaco Rail & Engineering Ltd,TEXRAIL,Rail,8434.600598,262.05,74.50402436600112
Oriental Rail Infrastructure Ltd,ORIRAIL,Rail,2259.540135,367.65,75.26782595
Suzlon Energy Ltd,SUZLON,Renewable Energy Equipment & Services,92691.19929,67.98,140.36677412452795
Sterling and Wilson Renewable Energy Ltd,SWSOLAR,Renewable Energy Equipment & Services,15799.58174,677.1,-74.55446273
Azad Engineering Ltd,AZAD,Renewable Energy Equipment & Services,9560.639923,1617.35,163.2344190345741
Websol Energy System Ltd,WEBELSOLAR,Renewable Energy Equipment & Services,2517.608599,596.5,-20.81356315
Alpex Solar Ltd,ALPEXSOLAR,Renewable Energy Equipment & Services,1701.513135,695.25,64.01479063205412
Urja Global Ltd,URJA,Renewable Energy Equipment & Services,1115.012066,21.22,546.5745421539206
Zodiac Energy Ltd,ZODIAC,Renewable Energy Equipment & Services,1099.606302,750.05,100.23758452142201
Taylormade Renewables Ltd,TRL,Renewable Energy Equipment & Services,581.3763209,524.1,54.795129209236556
Sahaj Solar Ltd,SAHAJSOLAR,Renewable Energy Equipment & Services,553.5850439,503.9,42.03379224753242
GP Eco Solutions India Ltd,GPECO,Renewable Energy Equipment & Services,374.628492,319.9,101.52533658536592
Surana Solar Ltd,SURANASOL,Renewable Energy Equipment & Services,191.2660542,38.87,-151.7984557
SunGarner Energies Ltd,SEL,Renewable Energy Equipment & Services,111.76375,482,134.65512048192758
Ind Renewable Energy Ltd,INDRENEW,Renewable Energy Equipment & Services,20.55456346,14.76,411.09126911999994
Cube Highways Trust,CUBEINVIT,Roads,12906.893384999601,100,-18.28379049
National Highways Infra Trust,NHIT,Roads,6746.843732,128.5,22.93206802080148
Indinfravit Trust,INDINFR,Roads,6266.152888,101,-39.8762434
Shrem InvIT,SHREMINVIT,Roads,4060.888,118,3.889106180028156
IRB InvIT Fund,IRBINVIT,Roads,3730.8735,64.83,9.999928972
Bharat Road Network Ltd,BRNL,Roads,430.6635,51.3,-3.845209821
Noida Toll Bridge Company Ltd,NOIDATOLL,Roads,228.2750725,12.26,-7.194297903
IL&FS Transportation Networks Ltd,IL&FSTRANS,Roads,206.915857,6.29,-0.212668541
Sadbhav Infrastructure Projects Ltd,SADBHIN,Roads,205.3473009,5.83,-0.378088269
MEP Infrastructure Developers Ltd,MEP,Roads,148.0409632,8.07,-0.685025974
IRB Infrastructure Trust,IRBIT,Roads,,220.22,
Bharat Highways InvIT,BHINVIT,Roads,,106.67,0
NXT-Infra Trust,NXT-INFRA,Roads,,101.35,
Mazagon Dock Shipbuilders Ltd,MAZDOCK,Shipbuilding,103016.1929,5107.65,53.18419637371775
Cochin Shipyard Ltd,COCHINSHIP,Shipbuilding,67882.73366,2580.3,86.66470950796648
Garden Reach Shipbuilders & Engineers Ltd,GRSE,Shipbuilding,26923.15656,2350.3,75.36222969909028
JITF Infralogistics Ltd,JITFINFRA,Shipbuilding,2325.928356,904.9,65.64855647586877
ABS Marine Services Ltd,ABSMARINE,Shipbuilding,779.4625,317.5,33.098195329086984
Reliance Naval and Engineering Ltd,RNAVAL,Shipbuilding,169.6459905,2.3,-0.104207074
VMS Industries Ltd,VMS,Shipbuilding,162.38094928499999,66.35,25.693188178006473
Garware Marine Industries Ltd,GARWAMAR,Shipbuilding,17.85787185,30.97,-297.6311975
3M India Ltd,3MINDIA,Stationery,44294.42422,39320.15,75.92332016257865
Flair Writing Industries Ltd,FLAIR,Stationery,3341.560459,317.05,28.089781939223275
Kokuyo Camlin Ltd,KOKUYOCMLN,Stationery,1841.979093,183.64,42.015946473175205
Repro India Ltd,REPRO,Stationery,981.3658483,686.4,81.10461556363698
Linc Ltd,LINC,Stationery,899.3274367700001,604.7,26.280755019579203
Creative Graphics Solutions India Ltd,CGRAPHICS,Stationery,417.7192,172,
Kshitij Polyline Ltd,KSHITIJPOL,Stationery,65.77135176,7.39,40.85177128198764
Kiran Print Pack Ltd,KIRANPR,Stationery,8.9351794,17.86,297.83931333333305
Ramasigns Industries Ltd,RAMASIGNS,Stationery,6.5665,2.3,-1.262788462
Aadi Industries Ltd,AADIIND,Stationery,5.69,5.69,-63.22222222
Escorts Kubota Ltd,ESCORTS,Tractors,45065.36834,4150,42.95580857584051
Swaraj Engines Ltd,SWARAJENG,Tractors,3757.388917,3093.2,27.25510602495286
VST Tillers Tractors Ltd,VSTTILLERS,Tractors,3634.0446626400003,4206.3,30.01854173665947
Eicher Motors Ltd,EICHERMOT,Trucks & Buses,136150.3447,4968.8,36.31237489883771
Ashok Leyland Ltd,ASHOKLEY,Trucks & Buses,73469.41045,250.2,29.58277382325096
SML Isuzu Ltd,SMLISUZU,Trucks & Buses,3229.781954,2231.8,29.938653636262465
Automobile Corp Of Goa Ltd,ACGL,Trucks & Buses,1863.574979,3060.75,48.56854257623147
